577.287.505-18;Maria Souza;(21)2213-5466
254.648.557-18;Maria da Silva;
656.314.610-48;Ana Silva;
441.224.876-33;José Souza;(19)3721-3034
112.441.463-07;Maria Silva;
765.164.420-45;Ana Mello;
701.262.724-76;José Souza;(11)52471-4353
225.863.871-20;Ana Silva;(21)4014-7786
117.251.146-23;Maria Silva;(11)20573-3474,(19)0454-3866
042.411.006-78;José da Silva;
052.011.357-81;João Silva;(21)24844-8272,(11)85736-5332
770.767.646-79;Maria Silva;(11)5484-0743
650.867.247-91;José Silva;
173.740.812-00;Maria de Souza;(11)4102-0735
002.150.305-24;Ana Silva;(21)8776-2038
632.024.088-10;Ana de Souza;
685.038.037-04;Ana da Silva;(21)66055-0885
677.552.477-32;Maria Souza;(19)11621-3585,(19)2562-6088
777.157.770-99;José da Silva;
727.571.161-34;Maria Souza;(19)4221-8368
821.214.162-42;João Souza;(19)84782-7541
353.605.472-27;Maria da Silva;(21)11243-1325
620.488.080-26;João Souza;(14)13052-8808
338.314.414-30;João da Silva;
470.320.504-17;João Silva;(19)5658-0878,(19)6172-3703
068.022.467-08;José Souza;
027.163.573-82;José Silva;
185.156.772-02;Ana da Silva;(11)06231-1835
722.530.272-86;Maria Mello;(19)8655-0708
112.381.080-08;João Silva;
654.076.667-07;José Mello;(19)2506-6651
040.180.763-04;Ana de Souza;(11)4533-4518
015.618.377-33;José Mello;
220.683.128-75;João Mello;
828.567.560-26;José da Silva;(21)0287-6231,(11)0163-7428
468.564.405-02;João Silva;(21)5564-6475
076.053.883-22;Maria Mello;
420.058.804-85;João Mello;
746.224.122-68;Maria de Souza;(19)05765-2756,(11)06708-8854
502.888.583-44;João Mello;(14)2381-7775,(19)5037-3415
306.661.646-06;Maria Mello;
418.238.653-13;Maria Souza;(21)5533-0781
606.062.045-04;Maria Mello;(14)87326-2244
606.821.743-43;Ana de Souza;(21)10212-6707
821.262.070-05;Ana da Silva;
